{"0": 46.87813364609647, "1": 84.96211937150409, "2": 83.37175823088752, "3": 85.13555310457932, "4": 27.920230041052232, "5": 81.14144171469012, "6": 50.56512995101446, "7": 83.0558210845582, "8": 50.00573363058377, "9": 53.89125401300404, "10": 52.899775002068, "11": 2.2522566912373367, "12": 23.625673394037342, "13": 4.205229151063634, "14": 45.44794084858024, "15": 9.93167349915251, "16": 12.038610728572365, "17": 52.456313528755985, "18": 80.11923344764608, "19": 79.29314816638761, "20": 61.604343630414284, "21": 66.33540396091547, "22": 51.1298822873631, "23": 41.03833694012722, "24": 71.98420445776023, "25": 59.21349432749688, "26": 19.660295757098826, "27": 47.79011950280526, "28": 60.381925044265195, "29": 44.18757787395895, "30": 19.62487048331038, "31": 58.855476913258, "32": 72.91022886272327, "33": 38.42745043489645, "34": 5.345909567840514, "35": 38.377732994336924, "36": 47.52859695717752, "37": 47.188335300675455, "38": 22.37403058594421, "39": 56.96030536849599, "40": 15.332974397159058, "41": 0.0, "42": 62.19448753024171, "43": 73.15231276541775, "44": 21.36983783942722, "45": 11.17627590983565, "46": 44.806036221905316, "47": 49.83861698773708, "48": 35.55518637766245, "49": 82.91329873515734, "50": 80.06513702870603, "51": 58.13191248850403, "52": 62.20063087513705, "53": 68.23560247055153, "54": 28.648776240625576, "55": 24.457169671123108, "56": 41.43884372177055, "57": 1.2540907687557887, "58": 1.082088174709354, "59": 1.6108881341977976, "60": 15.720716923866044, "61": 4.502859495141063, "62": 0.685086356589907, "63": 84.04422293770858, "64": 66.91792326000414, "65": 3.5728040041099627, "66": 36.73492373862859, "67": 42.140762956755545, "68": 52.271788438197824, "69": 12.17114499053369, "70": 35.02067232848338, "71": 111.37988568553558, "72": 44.1469099320288, "73": 58.099498342783306, "74": 48.77173861551756, "75": 67.76654725558708, "76": 62.88159517520431, "77": 56.475063340145155, "78": 2.9697159780518843, "79": 38.35553791342615, "80": 24.55040993447909, "81": 10.612850004328855, "82": 75.6401087277901, "83": 66.96665310836352, "84": 31.486529090727917, "85": 54.771784354371576, "86": 81.34106156613103, "87": 67.16672872065364, "88": 77.4559076969536, "89": 63.79574265834522, "90": 4.38597548724131, "91": 30.42857796269343, "92": 27.187186260048254, "93": 83.36151010093585, "94": 60.51443959285886, "95": 0.6968396085407509, "96": 51.301543196263786, "97": 60.452466712732225, "98": 0.35197518340463696, "99": 29.168408826945413, "100": 45.14452334396762, "101": 42.709987895538994, "102": 49.870673390278206, "103": 82.00687552987645, "104": 78.1971851002416, "105": 34.18345854344619, "106": 62.6017763010662, "107": 89.84017864289554, "108": 66.68918651814607, "109": 13.393847470723049, "110": 108.61282550137135, "111": 62.14647541291567, "112": 13.27167245753229, "113": 3.4102154463377063, "114": 58.087480458891385, "115": 55.576814321488605, "116": 0.11907457230087672, "117": 29.12819130602397, "118": 13.894580109152509, "119": 0.16982836495031617, "120": 2.799289740938398, "121": 14.215488809499307, "122": 21.593314613073797, "123": 0.0, "124": 5.233269788996865, "125": 26.758742246855864, "126": 64.70241484813884, "127": 0.11742307296490687, "128": 0.2307982573496621, "129": 51.10309210988433, "130": 2.947575105648585, "131": 63.83046240347877, "132": 59.795413373060796, "133": 38.156920206935645, "134": 4.825017846320717, "135": 43.267637637196145, "136": 72.14453945161317, "137": 63.04492208876278, "138": 45.06355087059008, "139": 58.144407363302086, "140": 78.94994372487426, "141": 84.61980721073033, "142": 12.185544561895288, "143": 49.927023658422236, "144": 67.16331711237547, "145": 76.74889369146857, "146": 77.07423906065462, "147": 41.621275754650256, "148": 55.54754145492028, "149": 90.54388398012973, "150": 38.87448162424766, "151": 77.8718723825927, "152": 63.12848697504455, "153": 85.45163034511599, "154": 80.29651028879185, "155": 79.66085783220701, "156": 60.29402450300508, "157": 62.51408675027076, "158": 61.752954648292715, "159": 62.49875279946289, "160": 75.95424644421249, "161": 74.5965016310802, "162": 62.95415986709596, "163": 69.76702751355423, "164": 65.86515337387388, "165": 12.69066171091247, "166": 63.19605306360478, "167": 16.95424154362098, "168": 26.815858640804613, "169": 66.58175575125252, "170": 64.36405353728489, "171": 52.74115985616214, "172": 66.72750286313635, "173": 8.524791275640304, "174": 54.88700706175236, "175": 22.960512667212267, "176": 35.96185379575315, "177": 29.262337067251437, "178": 0.35049683830171635, "179": 35.055628247662824, "180": 54.58117748145534, "181": 68.48006185921301, "182": 48.136563213406106, "183": 14.78495224373582, "184": 21.469553441767086, "185": 59.498050381347696, "186": 6.446545164668042, "187": 55.3789088342963, "188": 63.96744863771724, "189": 61.932807989924385, "190": 45.29847004301534, "191": 44.47379570925957, "192": 79.3023301131203, "193": 56.55182834693261, "194": 78.23751974012585, "195": 59.97282115968308, "196": 42.37318821048367, "197": 51.52324105519536, "198": 65.161647644204, "199": 46.819772579883725, "200": 65.14724292833004, "201": 83.79831125616862, "202": 78.29045269756998, "203": 76.09902461893817, "204": 64.01599063006906, "205": 65.53538962152732, "206": 78.98862246006426, "207": 58.5861279170979, "208": 73.51687845389606, "209": 70.19355376193907, "210": 47.36642702774225, "211": 63.28206171151525, "212": 64.2249387834445, "213": 18.37617430423852, "214": 42.85142059979973, "215": 55.75770168792707, "216": 4.403429760638776, "217": 0.0, "218": 72.62206801694298, "219": 74.09345754699258, "220": 2.9937239758172143, "221": 31.184685324852044, "222": 86.83781819132236, "223": 51.86019265858722, "224": 15.275303795834825, "225": 37.47638813338103, "226": 49.798964668368804, "227": 34.43944584111302, "228": 67.0657103979117, "229": 23.53774784185423, "230": 68.2218122050228, "231": 63.39088424639521, "232": 48.0311178025251, "233": 36.06957481402853, "234": 78.25986299486803, "235": 2.8963165520745022, "236": 12.636296067602027, "237": 13.0829506788136, "238": 26.408374457463683, "239": 0.6244333691076513, "240": 10.105954055321144, "241": 58.551845807789, "242": 24.255275078368626, "243": 0.6271973027144376, "244": 9.714504607372776, "245": 76.06453425595136, "246": 39.24326046153771, "247": 8.540360454840233, "248": 78.7613542621261, "249": 20.340391818625843, "250": 30.229266005740225, "251": 17.310097943753938, "252": 46.81663783485333, "253": 48.412916792812545, "254": 96.03423553222873, "255": 48.202552881466126, "256": 59.851232743792174, "257": 48.10200626722067, "258": 25.46410534479171, "259": 44.172740949832644, "260": 73.71441851603663, "261": 64.69795169471111, "262": 70.62806878064194, "263": 70.3803545036643, "264": 67.08411609927924, "265": 81.19412389221456, "266": 78.78304618822214, "267": 69.7341882605389, "268": 80.99227750963576, "269": 73.84425349087003, "270": 76.38658132461755, "271": 87.2486701589254, "272": 84.22435031069791, "273": 76.15707957928845, "274": 54.90273959400233, "275": 53.81929232191659, "276": 39.25666847988552, "277": 25.4678349676806, "278": 31.40389204977041, "279": 45.34756138399238, "280": 37.476518815821066, "281": 22.91192330247594, "282": 53.666718939642685, "283": 5.004947963885908, "284": 31.861182578070505, "285": 8.84899807406754, "286": 1.0886696690957265, "287": 0.8080748679698972, "288": 17.85304922970869, "289": 6.588531635768438, "290": 0.5831295504034003, "291": 35.02409457488186, "292": 8.288960110818708, "293": 4.974159181013149, "294": 13.555945969345167, "295": 32.23230927306259, "296": 31.13634752381279, "297": 14.164909804613417, "298": 27.802218661125732, "299": 80.9736446189055, "300": 32.1050817500339, "301": 18.73579114332433, "302": 61.560171912749865, "303": 34.79080354998848, "304": 48.6161791394888, "305": 46.72152062087227, "306": 91.05601652935998, "307": 66.16227138868379, "308": 85.45220331591969, "309": 88.1727580488475, "310": 92.01974842423081,